﻿[
  {
    "Type": "Plugin",
    "SupportedVersion": "4.60",
    "DirectoryPath": "CodeInjector/nopCommerce-4.60/Misc.CodeInjector/",
    "SystemName": "Misc.CodeInjector",
    "SourceDirectoryPath": "CodeInjector/nopCommerce-4.60/Nop.Plugin.Misc.CodeInjector/"
  },
  {
    "Type": "Plugin",
    "SupportedVersion": "4.50.4",
    "DirectoryPath": "CodeInjector/nopCommerce-4.50.4/Misc.CodeInjector/",
    "SystemName": "Misc.CodeInjector",
    "SourceDirectoryPath": "CodeInjector/nopCommerce-4.50.4/Nop.Plugin.Misc.CodeInjector/"
  }
]